{"minzoom":0,"maxzoom":8,"center":[101.953125,3.513157,8.0],"bounds":[99.64061,0.853796,119.266976,7.362766]}