{"minzoom":0,"maxzoom":9,"center":[110.039063,1.757504,9.0],"bounds":[99.64061,0.853796,119.266976,7.362766]}